time(millisecond),datetime(utc),latitude,longitude,height_above_takeoff(feet),height_above_ground_at_drone_location(feet),ground_elevation_at_drone_location(feet),altitude_above_seaLevel(feet),height_sonar(feet),speed(mph),distance(feet),mileage(feet),satellites,gpslevel,voltage(v),max_altitude(feet),max_ascent(feet),max_speed(mph),max_distance(feet), xSpeed(mph), ySpeed(mph), zSpeed(mph), compass_heading(degrees), pitch(degrees), roll(degrees),isPhoto,isVideo,rc_elevator,rc_aileron,rc_throttle,rc_rudder,rc_elevator(percent),rc_aileron(percent),rc_throttle(percent),rc_rudder(percent),gimbal_heading(degrees),gimbal_pitch(degrees),gimbal_roll(degrees),battery_percent,voltageCell1,voltageCell2,voltageCell3,voltageCell4,voltageCell5,voltageCell6,current(A),battery_temperature(f),altitude(feet),ascent(feet),flycStateRaw,flycState,message
510700,2016-09-15 17:51:19,41.2944871526276,-72.96442396355,0,Available with any HD 360 subscription,Available with any HD 360 subscription,156.75737968815,0,0,0,0,10,0,0,156.75737968815,0,0,0,0,0,0,164.8, -1.9, -2.6,0,0,1024,1024,1024,1024,0,0,0,0,164.6,-14.9,0,40,3.812,3.817,3.811,3.814,0,0,0,109.31,156.75737968815,0,6,P-GPS,"Home Point Recorded"
510800,2016-09-15 17:51:19,41.2944873623452,-72.9644238005956,0,,,156.75737968815,0,0,0.088600068452,0.088600068452,10,0,0,156.75737968815,0,0,0.088600068452,0,0,0,164.8, -1.9, -2.6,0,0,1024,1024,1024,1024,0,0,0,0,164.6,-14.9,0,40,3.812,3.817,3.811,3.814,0,0,0,109.31,156.75737968815,0,6,P-GPS,
510900,2016-09-15 17:51:19,41.2944873672593,-72.96442377003,0,,,156.75737968815,0,0,0.094584648696,0.097168310196,10,0,0,156.75737968815,0,0,0.094584648696,0,0,0,164.8, -1.9, -2.6,0,0,1024,1024,1024,1024,0,0,0,0,164.6,-14.9,0,40,3.812,3.817,3.811,3.814,0,0,0,109.31,156.75737968815,0,6,P-GPS,
511000,2016-09-15 17:51:19,41.2944874675175,-72.9644236710895,0,,,156.75737968815,0,0,0.140093836504,0.142705385144,10,0,0,156.75737968815,0,0,0.140093836504,0,0,0,164.7, -1.9, -2.6,0,0,1024,1024,1024,1024,0,0,0,0,164.6,-14.9,0,40,3.812,3.817,3.811,3.814,0,0,0,109.31,156.75737968815,0,6,P-GPS,
511100,2016-09-15 17:51:19,41.2944874680316,-72.9644236713147,0,,,156.75737968815,0,0,0.140212602912,0.142902891712,10,0,0,156.75737968815,0,0,0.140212602912,0,0,0,164.7, -1.9, -2.6,0,0,1024,1024,1024,1024,0,0,0,0,164.6,-14.9,0,40,3.812,3.817,3.811,3.814,0,0,0,109.31,156.75737968815,0,6,P-GPS,
511200,2016-09-15 17:51:19,41.2944876687458,-72.9644235715788,0,,,156.75737968815,0,0,0.216803812712,0.221070217048,10,0,0,156.75737968815,0,0,0.216803812712,0,0,0,164.8, -1.9, -2.6,0,0,1024,1024,1024,1024,0,0,0,0,164.6,-14.9,0,40,3.812,3.817,3.811,3.814,0,0,0,109.31,156.75737968815,0,6,P-GPS,
511300,2016-09-15 17:51:19,41.2944876510313,-72.9644235726548,0,,,156.75737968815,0,0,0.2110646393,0.227540033528,10,0,0,156.75737968815,0,0,0.216803812712,0,0,0,164.8, -1.9, -2.6,0,0,1024,1024,1024,1024,0,0,0,0,164.6,-14.9,0,40,3.812,3.817,3.811,3.814,0,0,0,109.31,156.75737968815,0,6,P-GPS,
511400,2016-09-15 17:51:19,41.294487751996,-72.9644234734493,0,,,156.75737968815,0,0,0.256650926848,0.273327764652,10,0,0,156.75737968815,0,0,0.256650926848,0,0,0,164.8, -1.9, -2.6,0,0,1024,1024,1024,1024,0,0,0,0,164.6,-14.9,0,40,3.812,3.817,3.811,3.814,0,0,0,109.31,156.75737968815,0,6,P-GPS,
511500,2016-09-15 17:51:20,41.2944877528976,-72.9644234744721,0,,,156.75737968815,0,0,0.25678478512,0.27375985128,10,0,0,156.75737968815,0,0,0.25678478512,0,0,0,164.8, -1.9, -2.6,0,0,1024,1024,1024,1024,0,0,0,0,164.6,-14.9,0,40,3.812,3.817,3.811,3.814,0,0,0,109.31,156.75737968815,0,6,P-GPS,
511600,2016-09-15 17:51:20,41.2944879567739,-72.9644233729523,0,,,156.75737968815,0,0,0.33509515508,0.35317914516,10,0,15.255,156.75737968815,0,0,0.33509515508,0,0,0,164.8, -1.9, -2.6,0,0,1024,1024,1024,1024,0,0,0,0,164.6,-14.9,0,40,3.812,3.817,3.811,3.814,0,0,0.575,109.31,156.75737968815,0,6,P-GPS,
511700,2016-09-15 17:51:20,41.2944879570338,-72.9644233738335,0,,,156.75737968815,0,0,0.33506234668,0.35343833152,10,0,15.255,156.75737968815,0,0,0.33509515508,0,0,0,164.8, -1.9, -2.6,0,0,1024,1024,1024,1024,0,0,0,0,164.6,-14.9,0,40,3.812,3.817,3.811,3.814,0,0,0.575,109.31,156.75737968815,0,6,P-GPS,
511800,2016-09-15 17:51:20,41.2944880569131,-72.9644232741112,0,,,156.75737968815,0,0,0.38022310928,0.39899279492,10,0,15.255,156.75737968815,0,0,0.38022310928,0,0,0,164.8, -1.9, -2.6,0,0,1024,1024,1024,1024,0,0,0,0,164.6,-14.9,0,40,3.812,3.817,3.811,3.814,0,0,0.575,109.31,156.75737968815,0,6,P-GPS,
511900,2016-09-15 17:51:20,41.2944880571681,-72.9644232752221,0,,,156.75737968815,0,0,0.38015421164,0.3993110364,10,0,15.255,156.75737968815,0,0,0.38022310928,0,0,0,164.8, -1.8, -2.6,0,0,1024,1024,1024,1024,0,0,0,0,164.6,-14.9,0,40,3.812,3.817,3.811,3.814,0,0,0.575,109.31,156.75737968815,0,6,P-GPS,
512000,2016-09-15 17:51:20,41.2944882575637,-72.9644231754221,0,,,156.75737968815,0,0,0.45737534272,0.47737534336,10,0,15.255,156.75737968815,0,0,0.45737534272,0,0,0,164.8, -1.8, -2.6,0,0,1024,1024,1024,1024,0,0,0,0,164.6,-14.9,0,40,3.812,3.817,3.811,3.814,0,0,0.575,109.31,156.75737968815,0,6,P-GPS,
512100,2016-09-15 17:51:20,41.2944882577281,-72.9644231750134,0,,,156.75737968815,0,0,0.4574803296,0.47750329612,10,0,15.255,156.75737968815,0,0,0.4574803296,0,0,0,164.8, -1.8, -2.6,0,0,1024,1024,1024,1024,0,0,0,0,164.6,-14.9,0,40,3.812,3.817,3.811,3.814,0,0,0.575,109.31,156.75737968815,0,6,P-GPS,
512200,2016-09-15 17:51:20,41.2944884585224,-72.9644230232204,-0.328084,,,156.42929568815,0,0,0.54171261576,0.56175526732,10,0,15.255,156.75737968815,0,0,0.54171261576,0,0,0,164.8, -1.8, -2.6,0,0,1024,1024,1024,1024,0,0,0,0,164.6,-14.9,0,40,3.812,3.817,3.811,3.814,0,0,0.575,109.31,156.42929568815,-0.328084,6,P-GPS,
512300,2016-09-15 17:51:20,41.2944884595333,-72.9644230237237,-0.328084,,,156.42929568815,0,0,0.54197180212,0.56214896812,10,0,15.255,156.75737968815,0,0,0.54197180212,0,0,0.223694,164.7, -1.8, -2.6,0,0,1024,1024,1024,1024,0,0,0,0,164.6,-14.9,0,40,3.812,3.817,3.811,3.814,0,0,0.575,109.31,156.42929568815,-0.328084,6,P-GPS,
512400,2016-09-15 17:51:20,41.2944886604968,-72.9644229246863,-0.328084,,,156.42929568815,0,0,0.61948164712,0.64033466616,10,0,15.255,156.75737968815,0,0,0.61948164712,0,0,0.223694,164.7, -1.8, -2.6,0,0,1024,1024,1024,1024,0,0,0,0,164.6,-14.9,0,40,3.812,3.817,3.811,3.814,0,0,0.575,109.31,156.42929568815,-0.328084,6,P-GPS,
512500,2016-09-15 17:51:21,41.2944886428189,-72.9644229656946,-0.656168,,,156.10121168815,0,0,0.60862534756,0.65329398416,10,0,15.255,156.75737968815,0,0,0.61948164712,0,0,0.223694,164.8, -1.8, -2.6,0,0,1024,1024,1024,1024,0,0,0,0,164.6,-14.9,0,40,3.812,3.817,3.811,3.814,0,0,0.575,109.31,156.10121168815,-0.656168,6,P-GPS,
512600,2016-09-15 17:51:21,41.2944889435999,-72.9644227666393,-0.656168,,,156.10121168815,0,0,0.73118112576,0.7758530432,10,0,15.255,156.75737968815,0,0,0.73118112576,0,0,0.223694,164.8, -1.8, -2.6,0,0,1024,1024,1024,1024,0,0,0,0,164.6,-14.9,0,40,3.812,3.817,3.812,3.815,0,0,0.576,109.31,156.10121168815,-0.656168,6,P-GPS,"Taking off"
512700,2016-09-15 17:51:21,41.2944889447442,-72.9644227668193,-0.656168,,,156.10121168815,0,0,0.73153217564,0.77627299072,10,0,15.255,156.75737968815,0,0,0.73153217564,0,0,0,164.7, -1.8, -2.6,0,0,1024,1024,1024,1024,0,0,0,0,164.6,-14.9,0,40,3.812,3.817,3.812,3.815,0,0,0.576,109.31,156.10121168815,-0.656168,11,AutoTakeoff,"Return-to-Home Altitude:98FT"
512800,2016-09-15 17:51:21,41.294489160422,-72.9644226574572,-0.656168,,,156.10121168815,0,0,0.8153543568,0.86047903016,10,0,15.255,156.75737968815,0,0,0.8153543568,0,0,0,164.7, -1.8, -2.6,0,0,1024,1024,1065,1024,0,0,6,0,164.6,-14.9,0,40,3.812,3.817,3.812,3.815,0,0,0.576,109.31,156.10121168815,-0.656168,11,AutoTakeoff,
512900,2016-09-15 17:51:21,41.2944891623149,-72.9644226564776,-0.656168,,,156.10121168815,0,0,0.8160925458,0.8612205,10,0,15.255,156.75737968815,0,0,0.8160925458,0,0,0,164.7, -1.8, -2.6,0,0,1024,1024,1052,1024,0,0,4,0,164.6,-14.9,0,40,3.812,3.817,3.812,3.815,0,0,0.576,109.31,156.10121168815,-0.656168,11,AutoTakeoff,
513100,2016-09-15 17:51:21,41.2944893566374,-72.9644226633021,-0.656168,,,156.10121168815,0,0,0.87958336148,0.93214241828,10,0,15.255,156.75737968815,0,0,0.87958336148,0,0,0.223694,164.7, -1.7, -2.6,0,0,1024,1024,1033,1024,0,0,1,0,164.6,-14.9,0,40,3.812,3.817,3.812,3.815,0,0,0.576,109.31,156.10121168815,-0.656168,11,AutoTakeoff,
513200,2016-09-15 17:51:21,41.2944894578251,-72.9644225621392,-0.984252,,,155.77312768815,0,0,0.92462929468,0.97831696044,10,0,15.255,156.75737968815,0,0,0.92462929468,0,0,0.223694,164.7, -1.7, -2.6,0,0,1024,1024,1064,1024,0,0,6,0,164.6,-14.9,0,40,3.812,3.817,3.812,3.815,0,0,0.576,109.31,155.77312768815,-0.984252,11,AutoTakeoff,
513300,2016-09-15 17:51:21,41.2944894593647,-72.9644225623931,-0.984252,,,155.77312768815,0,0,0.92511157816,0.97888126492,10,0,15.255,156.75737968815,0,0,0.92511157816,0,0,0.447388,164.7, -1.6, -2.6,0,0,1024,1024,1096,1024,0,0,11,0,164.6,-14.9,0,40,3.812,3.817,3.812,3.815,0,0,0.576,109.31,155.77312768815,-0.984252,11,AutoTakeoff,
513400,2016-09-15 17:51:21,41.2944896568616,-72.9644225850591,-1.312336,,,155.44504368815,0,0,0.98872706576,1.05120738272,10,0,15.255,156.75737968815,0,0,0.98872706576,0,0,0.671082,164.7, -1.4, -2.6,0,0,1024,1024,1123,1024,0,0,15,0,164.6,-14.9,0,40,3.812,3.817,3.812,3.815,0,0,0.576,109.31,155.44504368815,-1.312336,11,AutoTakeoff,
513500,2016-09-15 17:51:21,41.2944896638577,-72.964422586635,-1.64042,,,155.11695968815,0,0,0.99092194772,1.05379596548,10,0,15.255,156.75737968815,0,0,0.99092194772,0,0,0.894776,164.6, -1.1, -2.3,0,0,1024,1024,1108,1024,0,0,13,0,164.6,-14.9,0,40,3.812,3.817,3.812,3.815,0,0,0.576,109.31,155.11695968815,-1.64042,11,AutoTakeoff,
513600,2016-09-15 17:51:22,41.2944896871416,-72.9644225708454,-1.968504,,,154.78887568815,0,0,1.00042326036,1.06333008652,10,0,15.255,156.75737968815,0,0,1.00042326036,0,0,0.894776,164.4, 0, -1.9,0,0,1024,1024,1116,1024,0,0,14,0,164.6,-14.9,0,40,3.812,3.817,3.812,3.815,0,0,0.576,109.31,154.78887568815,-1.968504,11,AutoTakeoff,
513800,2016-09-15 17:51:22,41.2944900270379,-72.964422524575,-2.624672,,,154.13270768815,0,0.223694,1.1204560726,1.18798888316,10,0,15.151,156.75737968815,0,0.223694,1.1204560726,0.223694,0,0.223694,163.3, 2.8, 0.7,0,0,1024,1024,1119,1024,0,0,14,0,164.6,-14.9,0,40,3.804,3.784,3.791,3.803,0,0,1.604,109.31,154.13270768815,-2.624672,11,AutoTakeoff,
513900,2016-09-15 17:51:22,41.2944901710238,-72.9644225771201,-2.624672,,,154.13270768815,0,0.447388,1.1649934756,1.24246066968,10,0,15.151,156.75737968815,0,0.447388,1.1649934756,0.447388,0,0,162.6, 2.3, 1.2,0,0,1024,1024,1058,1024,0,0,5,0,164.6,-14.9,0,40,3.804,3.784,3.791,3.803,0,0,1.604,109.31,154.13270768815,-2.624672,11,AutoTakeoff,
514000,2016-09-15 17:51:22,41.2944905081151,-72.9644225561096,-2.624672,,,154.13270768815,0,0.4921268,1.28360240328,1.36558075236,10,0,15.151,156.75737968815,0,0.4921268,1.28360240328,0.447388,-0.223694,-0.447388,162.3, 1.3, 0.8,0,0,1024,1024,1041,1024,0,0,3,0,164.5,-14.9,0,40,3.804,3.784,3.791,3.803,0,0,1.604,109.31,154.13270768815,-2.624672,11,AutoTakeoff,
514100,2016-09-15 17:51:22,41.294490699026,-72.9644227167137,-2.296588,,,154.46079168815,0,0.4921268,1.33828088272,1.4479823298,10,0,15.151,156.75737968815,0,0.4921268,1.33828088272,0.447388,-0.223694,-0.671082,162.3, 0.7, 0.4,0,0,1024,1024,1107,1024,0,0,13,0,164.4,-14.9,0,40,3.804,3.784,3.791,3.803,0,0,1.604,109.31,154.46079168815,-2.296588,11,AutoTakeoff,
514200,2016-09-15 17:51:22,41.2944911494481,-72.9644229448867,-1.968504,,,154.78887568815,0,0.4921268,1.48473101864,1.6238189496,10,0,15.151,156.75737968815,0,0.4921268,1.48473101864,0.447388,-0.223694,-0.894776,162.5, 0, 0.1,0,0,1024,1024,1105,1024,0,0,12,0,164.4,-14.9,0,40,3.804,3.784,3.791,3.803,0,0,1.604,109.31,154.78887568815,-1.968504,11,AutoTakeoff,
514300,2016-09-15 17:51:22,41.2944914088937,-72.9644231234577,-1.64042,,,155.11695968815,0,0.4921268,1.56987865916,1.73038391364,10,0,15.151,156.75737968815,0,0.4921268,1.56987865916,0.447388,-0.223694,-0.894776,162.7, -0.7, -0.2,0,0,1024,1024,1075,1024,0,0,8,0,164.3,-14.9,0,40,3.804,3.784,3.791,3.803,0,0,1.604,109.31,155.11695968815,-1.64042,11,AutoTakeoff,
514400,2016-09-15 17:51:22,41.2944916816886,-72.9644235821529,-1.312336,,,155.44504368815,0,0.7158208,1.65572839944,1.890748092,10,0,15.151,156.75737968815,0,0.7158208,1.65572839944,0.671082,-0.223694,-0.894776,162.9, -1.7, -0.3,0,0,1024,1024,1100,1024,0,0,12,0,164.3,-14.9,0,40,3.804,3.784,3.791,3.803,0,0,1.604,109.31,155.44504368815,-1.312336,11,AutoTakeoff,
514500,2016-09-15 17:51:23,41.2944919585564,-72.9644237675638,-0.984252,,,155.77312768815,0,0.4921268,1.75426186716,2.00382880428,10,0,15.151,156.75737968815,0,0.7158208,1.75426186716,0.447388,-0.223694,-0.894776,163, -2.8, -0.4,0,0,1024,1024,1108,1024,0,0,13,0,164.2,-14.9,0,40,3.804,3.784,3.791,3.803,0,0,1.604,109.31,155.77312768815,-0.984252,11,AutoTakeoff,
514600,2016-09-15 17:51:23,41.2944922067265,-72.9644240489178,-0.984252,,,155.77312768815,0,0.4921268,1.84413391728,2.1227690968,10,0,15.151,156.75737968815,0,0.7158208,1.84413391728,0.447388,-0.223694,-0.894776,163.1, -3.8, -0.4,0,0,1024,1024,1130,1024,0,0,16,0,164.2,-14.9,0,40,3.804,3.784,3.791,3.803,0,0,1.604,109.31,155.77312768815,-0.984252,11,AutoTakeoff,
514700,2016-09-15 17:51:23,41.2944924700937,-72.9644242182692,-0.656168,,,156.10121168815,0,0.4921268,1.94132880228,2.22948497948,10,0,15.151,156.75737968815,0,0.7158208,1.94132880228,0.447388,-0.223694,-0.894776,163.3, -4.6, -0.4,0,0,1024,1024,1112,1024,0,0,13,0,164.2,-14.9,0,40,3.804,3.784,3.791,3.803,0,0,1.604,109.31,156.10121168815,-0.656168,11,AutoTakeoff,
514800,2016-09-15 17:51:23,41.2944926112137,-72.9644244036695,-0.328084,,,156.42929568815,0,0.3131716,1.99521331844,2.30183078232,10,0,15.183,156.75737968815,0,0.7158208,1.99521331844,0.223694,-0.223694,-0.894776,163.3, -4.5, -0.3,0,0,1024,1024,1106,1024,0,0,12,0,164.2,-14.9,0,40,3.78,3.782,3.774,3.775,0,0,2.106,109.31,156.42929568815,-0.328084,11,AutoTakeoff,
514900,2016-09-15 17:51:23,41.2944927475813,-72.9644245519834,0,,,156.75737968815,0,0.3131716,2.04767723088,2.36608275288,10,0,15.183,156.75737968815,0,0.7158208,2.04767723088,0.223694,-0.223694,-1.11847,163.1, -4.4, -0.5,0,0,1024,1024,1109,1024,0,0,13,0,164.1,-14.9,0,40,3.78,3.782,3.774,3.775,0,0,2.106,109.31,156.75737968815,0,11,AutoTakeoff,
515000,2016-09-15 17:51:23,41.2944928385175,-72.9644248512619,0,,,156.75737968815,0,0.223694,2.08871725844,2.45457356936,10,0,15.183,156.75737968815,0,0.7158208,2.08871725844,0,-0.223694,-1.11847,162.9, -4.3, -0.7,0,0,1024,1024,1129,1024,0,0,16,0,164.1,-14.9,0,40,3.78,3.782,3.774,3.775,0,0,2.106,109.31,156.75737968815,0,11,AutoTakeoff,
515100,2016-09-15 17:51:23,41.2944928717023,-72.9644249827535,0.328084,,,157.08546368815,0,0.223694,2.10522316448,2.49259850496,10,0,15.183,157.08546368815,0.328084,0.7158208,2.10522316448,0,-0.223694,-1.11847,162.6, -3.9, -1.1,0,0,1024,956,1094,1024,0,-10,11,0,164.1,-14.9,0,40,3.78,3.782,3.774,3.775,0,0,2.106,109.31,157.08546368815,0.328084,11,AutoTakeoff,
515200,2016-09-15 17:51:23,41.2944928204884,-72.9644251710862,0.984252,,,157.74163168815,0,0,2.09423891216,2.54750336236,10,0,15.183,157.74163168815,0.984252,0.7158208,2.10522316448,0,0,-1.11847,162.4, -3.4, -1.3,0,0,1024,977,1069,1024,0,-7,7,0,164,-14.9,0,40,3.78,3.782,3.774,3.775,0,0,2.106,109.31,157.74163168815,0.984252,11,AutoTakeoff,
515400,2016-09-15 17:51:23,41.2944929408405,-72.9644253620578,1.64042,,,158.39779968815,0,0,2.14633865136,2.6158301362,10,0,15.183,158.39779968815,1.64042,0.7158208,2.14633865136,0,0,-1.11847,162.3, 0, -0.7,0,0,1024,924,1080,1024,0,-15,8,0,164,-14.9,0,40,3.78,3.782,3.774,3.775,0,0,2.106,109.31,158.39779968815,1.64042,11,AutoTakeoff,
515500,2016-09-15 17:51:23,41.294493003749,-72.9644254498682,1.64042,,,158.39779968815,0,0,2.173310437,2.64908801128,10,0,15.183,158.39779968815,1.64042,0.7158208,2.173310437,0,0,-0.894776,162.3, 0.9, -0.4,0,0,1024,931,1063,1024,0,-14,6,0,163.9,-14.9,0,40,3.78,3.782,3.774,3.775,0,0,2.106,109.31,158.39779968815,1.64042,11,AutoTakeoff,
515600,2016-09-15 17:51:24,41.2944931301909,-72.9644255660791,1.968504,,,158.72588368815,0,0.223694,2.22471135728,2.7051510052,10,0,15.183,158.72588368815,1.968504,0.7158208,2.22471135728,0.223694,0,-0.894776,162.4, 1.4, -0.9,0,0,1024,974,1082,1024,0,-8,9,0,163.9,-14.9,0,40,3.78,3.782,3.774,3.775,0,0,2.106,109.31,158.72588368815,1.968504,11,AutoTakeoff,
515700,2016-09-15 17:51:24,41.2944932237988,-72.9644256081087,2.296588,,,159.05396768815,0,0.3131716,2.26047251328,2.74119431344,10,0,15.183,159.05396768815,2.296588,0.7158208,2.26047251328,0.223694,-0.223694,-0.894776,162.5, 1.7, -0.9,0,0,1024,949,1085,1024,0,-11,9,0,163.9,-14.9,0,40,3.78,3.782,3.774,3.775,0,0,2.106,109.31,159.05396768815,2.296588,11,AutoTakeoff,
515800,2016-09-15 17:51:24,41.29449332758,-72.9644259753597,2.624672,,,159.38205168815,0,0.3131716,2.31944233144,2.84875009116,10,0,15.183,159.38205168815,2.624672,0.7158208,2.31944233144,0.223694,-0.223694,-0.894776,162.8, 1.7, -0.4,0,0,1024,1024,1096,1024,0,0,11,0,163.8,-14.9,0,40,3.78,3.782,3.774,3.775,0,0,2.106,109.31,159.38205168815,2.624672,11,AutoTakeoff,
515900,2016-09-15 17:51:24,41.2944935029773,-72.9644261797818,2.952756,,,159.71013568815,0,0.4921268,2.39524613964,2.93381242984,10,0,14.851,159.71013568815,2.952756,0.7158208,2.39524613964,0.447388,-0.223694,-0.894776,162.9, 1.4, -0.4,0,0,1024,1024,1036,1024,0,0,2,0,163.8,-14.9,0,40,3.705,3.715,3.703,3.705,0,0,9.355,109.31,159.71013568815,2.952756,11,AutoTakeoff,
516000,2016-09-15 17:51:24,41.2944936916399,-72.9644263768714,2.952756,,,159.71013568815,0,0.4921268,2.47577435744,3.02131571348,10,0,14.851,159.71013568815,2.952756,0.7158208,2.47577435744,0.447388,-0.223694,-0.894776,162.9, 0.8, -0.3,0,0,1024,1024,1218,1024,0,0,29,0,163.8,-14.9,0,40,3.705,3.715,3.703,3.705,0,0,9.355,109.31,159.71013568815,2.952756,11,AutoTakeoff,
516100,2016-09-15 17:51:24,41.2944939190857,-72.9644266015044,3.28084,,,160.03821968815,0,0.4921268,2.57246399308,3.12464905012,10,0,14.851,160.03821968815,3.28084,0.7158208,2.57246399308,0.447388,-0.223694,-1.11847,162.9, 0.3, -0.1,0,0,1024,1024,1251,1024,0,0,34,0,163.8,-14.9,0,40,3.705,3.715,3.703,3.705,0,0,9.355,109.31,160.03821968815,3.28084,11,AutoTakeoff,
516200,2016-09-15 17:51:24,41.2944942230906,-72.9644268435562,3.608924,,,160.36630368815,0,0.4921268,2.69775599184,3.25389774192,10,0,14.851,160.36630368815,3.608924,0.7158208,2.69775599184,0.447388,-0.223694,-1.11847,163, -0.1, -0.1,0,0,1024,1024,1123,1024,0,0,15,0,163.8,-14.9,0,40,3.705,3.715,3.703,3.705,0,0,9.355,109.31,160.36630368815,3.608924,11,AutoTakeoff,
516300,2016-09-15 17:51:24,41.2944944760851,-72.9644270882432,3.937008,,,160.69438768815,0,0.6263432,2.80589247824,3.3680119188,10,0,14.851,160.69438768815,3.937008,0.7158208,2.80589247824,0.447388,-0.447388,-1.342164,163.1, -1, -0.1,0,0,1024,1024,1083,1024,0,0,9,0,163.8,-14.9,0,40,3.705,3.715,3.703,3.705,0,0,9.355,109.31,160.69438768815,3.937008,11,AutoTakeoff,
516400,2016-09-15 17:51:24,41.294494540911,-72.9644273870584,3.937008,,,160.69438768815,0,0.6263432,2.8542979916,3.453248142,10,0,14.851,160.69438768815,3.937008,0.7158208,2.8542979916,0.447388,-0.447388,-1.11847,163.1, -1.9, -0.6,0,0,1024,1024,1043,1024,0,0,3,0,163.8,-14.9,0,40,3.705,3.715,3.703,3.705,0,0,9.355,109.31,160.69438768815,3.937008,11,AutoTakeoff,
516500,2016-09-15 17:51:25,41.294494657175,-72.9644276276752,4.265092,,,161.02247168815,0,0.6263432,2.91644694372,3.5316930264,10,0,14.851,161.02247168815,4.265092,0.7158208,2.91644694372,0.447388,-0.447388,-1.11847,163, -2.4, -1,0,0,1024,1024,1081,1024,0,0,9,0,163.7,-14.9,0,40,3.705,3.715,3.703,3.705,0,0,9.355,109.31,161.02247168815,4.265092,11,AutoTakeoff,
516700,2016-09-15 17:51:25,41.294495263051,-72.9644281764964,4.593176,,,161.35055568815,0,0.3131716,3.17645679456,3.7990814864,10,0,14.851,161.35055568815,4.593176,0.7158208,3.17645679456,0.223694,-0.223694,-0.894776,163.2, -3.9, -1.8,0,0,1024,1024,1083,1024,0,0,9,0,163.7,-14.9,0,40,3.705,3.715,3.703,3.705,0,0,9.355,109.31,161.35055568815,4.593176,11,AutoTakeoff,
516800,2016-09-15 17:51:25,41.2944953904122,-72.9644282453289,4.92126,,,161.67863968815,0,0.3131716,3.22660443396,3.8492127216,9,0,14.851,161.67863968815,4.92126,0.7158208,3.22660443396,0.223694,-0.223694,-1.11847,163.3, -4.4, -1.9,0,0,1024,1024,1060,1024,0,0,5,0,163.7,-14.9,0,40,3.705,3.715,3.703,3.705,0,0,9.355,109.31,161.67863968815,4.92126,11,AutoTakeoff,
516900,2016-09-15 17:51:25,41.2944955317788,-72.9644284015105,4.92126,,,161.67863968815,0,0.3131716,3.2902888192,3.9162402828,9,0,14.851,161.67863968815,4.92126,0.7158208,3.2902888192,0.223694,-0.223694,-1.11847,163.4, -4.6, -1.6,0,0,1024,1024,1055,1024,0,0,5,0,163.7,-14.9,0,40,3.705,3.715,3.703,3.705,0,0,9.355,109.31,161.67863968815,4.92126,11,AutoTakeoff,
517000,2016-09-15 17:51:25,41.2944956822148,-72.9644285726078,5.249344,,,162.00672368815,0,0.3131716,3.3586943332,3.9884515712,8,0,14.748,162.00672368815,5.249344,0.7158208,3.3586943332,0.223694,-0.223694,-1.11847,163.7, -4.4, -1.6,0,0,1024,1024,1024,1083,0,0,0,9,163.7,-14.9,0,40,3.681,3.693,3.681,3.686,0,0,10.651,109.31,162.00672368815,5.249344,11,AutoTakeoff,
517100,2016-09-15 17:51:25,41.2944958609925,-72.9644286374608,5.577428,,,162.33480768815,0,0,3.425853128,4.0560696836,8,0,14.748,162.33480768815,5.577428,0.7158208,3.425853128,0,0,-1.11847,164, -4.3, -1.5,0,0,1024,1024,1024,1060,0,0,0,5,163.9,-14.9,0,40,3.681,3.693,3.681,3.686,0,0,10.651,109.31,162.33480768815,5.577428,11,AutoTakeoff,
517200,2016-09-15 17:51:25,41.2944957005105,-72.9644289438795,5.577428,,,162.33480768815,0,0,3.4044292428,4.1584318916,9,0,14.748,162.33480768815,5.577428,0.7158208,3.425853128,0,0,-1.11847,164.3, -4.2, -1.4,0,0,1024,1024,1024,1024,0,0,0,0,164,-14.9,0,40,3.681,3.693,3.681,3.686,0,0,10.651,109.31,162.33480768815,5.577428,11,AutoTakeoff,
517300,2016-09-15 17:51:25,41.2944957238343,-72.9644290376589,5.905512,,,162.66289168815,0,0,3.422572288,4.18553163,9,0,14.748,162.66289168815,5.905512,0.7158208,3.425853128,0,0,-1.11847,164.6, -3.9, -1.5,0,0,1024,1024,1024,1024,0,0,0,0,164,-14.9,0,40,3.681,3.693,3.681,3.686,0,0,10.651,109.31,162.66289168815,5.905512,11,AutoTakeoff,
517400,2016-09-15 17:51:25,41.29449550447,-72.9644294264311,5.905512,,,162.66289168815,0,0,3.3952428908,4.3187993508,9,0,14.748,162.66289168815,5.905512,0.7158208,3.425853128,0,0,-1.11847,164.6, -3.6, -1.8,0,0,1024,1024,1024,1035,0,0,0,2,164,-14.9,0,40,3.681,3.693,3.681,3.686,0,0,10.651,109.31,162.66289168815,5.905512,11,AutoTakeoff,
517500,2016-09-15 17:51:26,41.2944955205675,-72.9644296233861,6.233596,,,162.99097568815,0,0,3.4246392172,4.3730972528,9,0,14.748,162.99097568815,6.233596,0.7158208,3.425853128,0,0,-1.11847,164.6, -3.2, -2.3,0,0,1024,1024,1024,1067,0,0,0,7,164,-14.9,0,40,3.681,3.693,3.681,3.686,0,0,10.651,109.31,162.99097568815,6.233596,11,AutoTakeoff,
517700,2016-09-15 17:51:26,41.2944953111056,-72.9644295267607,6.56168,,,163.31905968815,0,0,3.3445211044,4.4540027672,10,0,14.748,163.31905968815,6.56168,0.7158208,3.425853128,0,0,-0.894776,164.4, -2.6, -2.6,0,0,1024,1024,1024,1069,0,0,0,7,164,-14.9,0,40,3.681,3.693,3.681,3.686,0,0,10.651,109.31,163.31905968815,6.56168,11,AutoTakeoff,
517700,2016-09-15 17:51:26,41.2944953111056,-72.9644295267607,6.56168,,,163.31905968815,0,0,3.3445211044,4.4540027672,10,0,14.748,163.31905968815,6.56168,0.7158208,3.425853128,0,0,-0.894776,164.4, -2.6, -2.6,0,0,1024,1024,1024,1067,0,0,0,7,164.1,-14.9,0,40,3.681,3.693,3.681,3.686,0,0,10.651,109.31,163.31905968815,6.56168,11,AutoTakeoff,
517800,2016-09-15 17:51:26,41.294495150707,-72.9644296726485,6.56168,,,163.31905968815,0,0,3.3112533868,4.5248689112,10,0,14.748,163.31905968815,6.56168,0.7158208,3.425853128,0,0,-0.894776,164.4, -2.3, -2.4,0,0,1024,1024,1024,1065,0,0,0,6,164.2,-14.9,0,40,3.681,3.693,3.681,3.686,0,0,10.651,109.31,163.31905968815,6.56168,11,AutoTakeoff,
518000,2016-09-15 17:51:26,41.2944948506806,-72.964429765639,6.889764,,,163.64714368815,0,0.223694,3.22769695368,4.6372704896,10,0,14.748,163.64714368815,6.889764,0.7158208,3.425853128,-0.223694,0,-0.894776,164.3, -1.9, -2.2,0,0,1024,1024,1024,1024,0,0,0,0,164.4,-14.9,0,40,3.681,3.693,3.681,3.686,0,0,10.651,109.31,163.64714368815,6.889764,11,AutoTakeoff,
518200,2016-09-15 17:51:26,41.294494277335,-72.9644294302557,7.217848,,,163.97522768815,0,0.223694,3.00045613276,4.8657481872,10,0,14.713,163.97522768815,7.217848,0.7158208,3.425853128,-0.223694,0,-0.671082,163.8, -0.9, -1.6,0,0,1024,1024,1024,1024,0,0,0,0,164.4,-14.9,0,40,3.664,3.682,3.669,3.671,0,0,11.126,109.31,163.97522768815,7.217848,6,P-GPS,
518300,2016-09-15 17:51:26,41.2944941342581,-72.9644293652613,7.545932,,,164.30331168815,0,0.223694,2.94635180032,4.920931916,10,0,14.713,164.30331168815,7.545932,0.7158208,3.425853128,-0.223694,0,-0.447388,163.7, -0.7, -1.4,0,0,1024,1024,1024,1024,0,0,0,0,164.4,-14.9,0,40,3.664,3.682,3.669,3.671,0,0,11.126,109.31,164.30331168815,7.545932,6,P-GPS,
518400,2016-09-15 17:51:26,41.2944937196397,-72.9644291454562,7.545932,,,164.30331168815,0,0.223694,2.78539378992,5.0837600052,10,0,14.713,164.30331168815,7.545932,0.7158208,3.425853128,-0.223694,0,-0.223694,163.5, -0.3, -1.6,0,0,1024,1024,1024,1024,0,0,0,0,164.3,-14.8,0,40,3.664,3.682,3.669,3.671,0,0,11.126,109.31,164.30331168815,7.545932,6,P-GPS,
518400,2016-09-15 17:51:27,41.2944937196397,-72.9644291454562,7.545932,,,164.30331168815,0,0.223694,2.78539378992,5.0837600052,10,0,14.713,164.30331168815,7.545932,0.7158208,3.425853128,-0.223694,0,-0.223694,163.5, -0.3, -1.6,0,0,1024,1024,1024,1024,0,0,0,0,164.3,-14.9,0,40,3.664,3.682,3.669,3.671,0,0,11.126,109.31,164.30331168815,7.545932,6,P-GPS,
518600,2016-09-15 17:51:27,41.294493172877,-72.9644289878681,7.545932,,,164.30331168815,0,0.223694,2.59257226144,5.2878610616,10,0,14.713,164.30331168815,7.545932,0.7158208,3.425853128,-0.223694,0,0,163.2, 0.4, -2.3,0,0,1024,1024,1024,1024,0,0,0,0,164.3,-14.9,0,40,3.664,3.682,3.669,3.671,0,0,11.126,109.31,164.30331168815,7.545932,6,P-GPS,
518700,2016-09-15 17:51:27,41.2944929518956,-72.9644288018519,7.874016,,,164.63139568815,0,0.223694,2.49717527676,5.3832678888,10,0,14.713,164.63139568815,7.874016,0.7158208,3.425853128,0,0.223694,0,163.3, 0.6, -2.9,0,0,1024,1212,1024,1024,0,28,0,0,164.3,-14.9,0,40,3.664,3.682,3.669,3.671,0,0,11.126,109.31,164.63139568815,7.874016,6,P-GPS,
518800,2016-09-15 17:51:27,41.2944920974378,-72.9644288223747,7.874016,,,164.63139568815,0,0.223694,2.24249679092,5.695046114,10,0,14.713,164.63139568815,7.874016,0.7158208,3.425853128,-0.223694,0,0,163.4, 0.3, 0.8,0,0,1024,1239,1024,1024,0,33,0,0,164.3,-14.9,0,40,3.664,3.682,3.669,3.671,0,0,11.126,109.31,164.63139568815,7.874016,6,P-GPS,
518900,2016-09-15 17:51:27,41.2944920114099,-72.9644287663331,7.874016,,,164.63139568815,0,0,2.20812999192,5.72998706,10,0,14.713,164.63139568815,7.874016,0.7158208,3.425853128,0,0,0,163.5, -0.1, 7.6,0,0,1024,1218,1024,1024,0,29,0,0,164.3,-14.9,0,40,3.664,3.682,3.669,3.671,0,0,11.126,109.31,164.63139568815,7.874016,6,P-GPS,
519000,2016-09-15 17:51:27,41.2944916679358,-72.9644287719571,7.874016,,,164.63139568815,0,0.223694,2.10981305964,5.855315148,10,0,14.713,164.63139568815,7.874016,0.7158208,3.425853128,-0.223694,0,0,163.7, -0.5, 9.3,0,0,1024,1211,1024,1024,0,28,0,0,164.3,-14.9,0,40,3.664,3.682,3.669,3.671,0,0,11.126,109.31,164.63139568815,7.874016,6,P-GPS,
519100,2016-09-15 17:51:27,41.2944915601638,-72.9644289760457,7.874016,,,164.63139568815,0,0.4921268,2.11516082884,5.923720662,10,0,14.713,164.63139568815,7.874016,0.7158208,3.425853128,-0.223694,-0.447388,0,163.9, -0.5, 8.8,0,0,1024,1188,1024,1024,0,25,0,0,164.3,-14.9,0,40,3.664,3.682,3.669,3.671,0,0,11.126,109.31,164.63139568815,7.874016,6,P-GPS,
519200,2016-09-15 17:51:27,41.2944923608999,-72.9644291565673,7.874016,,,164.63139568815,0,0.7158208,2.37429797624,6.2200133224,10,0,14.693,164.63139568815,7.874016,0.7158208,3.425853128,-0.223694,-0.671082,0,164, -0.3, 8.2,0,0,1024,1175,1024,1024,0,23,0,0,164.3,-14.9,0,40,3.67,3.681,3.668,3.672,0,0,10.867,109.31,164.63139568815,7.874016,6,P-GPS,
519300,2016-09-15 17:51:27,41.2944922552912,-72.9644294982548,7.545932,,,164.30331168815,0,1.1408394,2.40162081176,6.3212928532,10,0,14.693,164.63139568815,7.874016,1.1408394,3.425853128,-0.223694,-1.11847,0,164.3, 0, 7.4,0,0,1024,1024,1024,1024,0,0,0,0,164.3,-14.9,0,40,3.67,3.681,3.668,3.672,0,0,10.867,109.31,164.30331168815,7.545932,6,P-GPS,
519400,2016-09-15 17:51:27,41.2944924248026,-72.964430181853,7.545932,,,164.30331168815,0,0.9171454,2.57013787752,6.5186353792,10,0,14.693,164.63139568815,7.874016,1.1408394,3.425853128,-0.223694,-0.894776,0,164.4, 0.1, 2.6,0,0,1024,1024,1024,1032,0,0,0,1,164.3,-14.9,0,40,3.67,3.681,3.668,3.672,0,0,10.867,109.31,164.30331168815,7.545932,6,P-GPS,
519500,2016-09-15 17:51:28,41.2944922742501,-72.9644308346301,7.874016,,,164.63139568815,0,1.1408394,2.65317921876,6.7058073012,10,0,14.693,164.63139568815,7.874016,1.1408394,3.425853128,-0.223694,-1.11847,0,164.6, 0.2, -0.1,0,0,1024,1024,1024,1143,0,0,0,18,164.3,-14.9,0,40,3.67,3.681,3.668,3.672,0,0,10.867,109.31,164.63139568815,7.874016,6,P-GPS,
519600,2016-09-15 17:51:28,41.2944923677613,-72.9644313548154,7.874016,,,164.63139568815,0,1.1408394,2.77948171624,6.8524280408,10,0,14.693,164.63139568815,7.874016,1.1408394,3.425853128,-0.223694,-1.11847,0,164.6, 0.1, -1.6,0,0,1024,1024,1024,1230,0,0,0,31,164.9,-14.9,0,40,3.67,3.681,3.668,3.672,0,0,10.867,109.31,164.63139568815,7.874016,6,P-GPS,
519700,2016-09-15 17:51:28,41.2944922492883,-72.9644319652365,7.874016,,,164.63139568815,0,0.9171454,2.87557751984,7.025262692,10,0,14.693,164.63139568815,7.874016,1.1408394,3.425853128,-0.223694,-0.894776,0,165.4, 0, -2.5,0,0,1024,1024,1024,1230,0,0,0,31,166.2,-14.9,0,40,3.67,3.681,3.668,3.672,0,0,10.867,109.31,164.63139568815,7.874016,6,P-GPS,
519800,2016-09-15 17:51:28,41.2944923692473,-72.964432882228,7.874016,,,164.63139568815,0,0.894776,3.0983104666,7.2804136188,10,0,14.693,164.63139568815,7.874016,1.1408394,3.425853128,0,-0.894776,0,167.5, 0, -3,0,0,1024,1024,1024,1235,0,0,0,32,167.6,-14.9,0,40,3.67,3.681,3.668,3.672,0,0,10.867,109.31,164.63139568815,7.874016,6,P-GPS,
519900,2016-09-15 17:51:28,41.2944922450677,-72.9644332949084,7.874016,,,164.63139568815,0,0.894776,3.16149616416,7.4022640164,10,0,14.693,164.63139568815,7.874016,1.1408394,3.425853128,0,-0.894776,0,170.4, 0, -3.6,0,0,1024,1024,1024,1213,0,0,0,29,169.1,-14.9,0,40,3.67,3.681,3.668,3.672,0,0,10.867,109.31,164.63139568815,7.874016,6,P-GPS,
520000,2016-09-15 17:51:28,41.294492293674,-72.9644340465446,7.874016,,,164.63139568815,0,0.671082,3.3403216292,7.6090553616,10,0,14.693,164.63139568815,7.874016,1.1408394,3.425853128,0,-0.671082,0,173.4, 0, -3.9,0,0,1024,1024,1024,1212,0,0,0,28,170.9,-14.9,0,40,3.67,3.681,3.668,3.672,0,0,10.867,109.31,164.63139568815,7.874016,6,P-GPS,
520100,2016-09-15 17:51:28,41.2944922528691,-72.9644344935576,7.874016,,,164.63139568815,0,0.671082,3.4343176952,7.7324805624,10,0,14.693,164.63139568815,7.874016,1.1408394,3.4343176952,0,-0.671082,0,176.2, 0.1, -4.2,0,0,1024,1024,1024,1227,0,0,0,31,173.2,-14.9,0,40,3.67,3.681,3.668,3.672,0,0,10.867,109.31,164.63139568815,7.874016,6,P-GPS,
520200,2016-09-15 17:51:28,41.2944923103076,-72.9644353333052,7.874016,,,164.63139568815,0,0.671082,3.6407153396,7.9636485488,10,0,14.735,164.63139568815,7.874016,1.1408394,3.6407153396,0,-0.671082,0,178.7, 0.1, -4.2,0,0,1024,1024,1024,1249,0,0,0,34,175.6,-14.9,0,40,3.668,3.691,3.681,3.684,0,0,10.418,109.31,164.63139568815,7.874016,6,P-GPS,
520400,2016-09-15 17:51:28,41.2944926003142,-72.9644359740708,7.874016,,,164.63139568815,0,0.447388,3.8457678396,8.1687010488,10,0,14.735,164.63139568815,7.874016,1.1408394,3.8457678396,0,-0.447388,0,184.5, 0, -3.9,0,0,1024,1024,1024,1248,0,0,0,34,178.4,-14.9,0,40,3.668,3.691,3.681,3.684,0,0,10.418,109.31,164.63139568815,7.874016,6,P-GPS,
520500,2016-09-15 17:51:28,41.2944926177358,-72.9644362848583,7.874016,,,164.63139568815,0,0.447388,3.9221786032,8.2541341224,10,0,14.735,164.63139568815,7.874016,1.1408394,3.9221786032,0,-0.447388,0,187.9, 0, -3.7,0,0,1096,1024,1024,1234,11,0,0,32,181.4,-14.9,0,40,3.668,3.691,3.681,3.684,0,0,10.418,109.31,164.63139568815,7.874016,6,P-GPS,
520600,2016-09-15 17:51:29,41.2944929807876,-72.9644368857041,7.874016,,,164.63139568815,0,0.447388,4.1314633868,8.4654858352,10,0,14.735,164.63139568815,7.874016,1.1408394,4.1314633868,0,-0.447388,0,190.9, -0.3, -3.4,0,0,1142,1024,1024,1144,18,0,0,18,184.3,-14.9,0,40,3.668,3.691,3.681,3.684,0,0,10.418,109.31,164.63139568815,7.874016,6,P-GPS,
520700,2016-09-15 17:51:29,41.2944929985773,-72.9644371708297,7.545932,,,164.30331168815,0,0.447388,4.2019686384,8.5439307196,10,0,14.735,164.63139568815,7.874016,1.1408394,4.2019686384,0,-0.447388,0,193.4, -2.5, -2.1,0,0,1149,1024,1024,1098,19,0,0,11,186.8,-14.9,0,40,3.668,3.691,3.681,3.684,0,0,10.418,109.31,164.30331168815,7.545932,6,P-GPS,
520800,2016-09-15 17:51:29,41.2944929910014,-72.9644373943969,7.545932,,,164.30331168815,0,0.447388,4.2535106348,8.6052496192,10,0,14.735,164.63139568815,7.874016,1.1408394,4.2535106348,0,-0.447388,0,194.8, -4.7, -1.4,0,0,1169,1024,1024,1055,22,0,0,5,188.9,-14.9,0,40,3.668,3.691,3.681,3.684,0,0,10.418,109.31,164.30331168815,7.545932,6,P-GPS,
520900,2016-09-15 17:51:29,41.2944928939142,-72.9644379005018,7.545932,,,164.30331168815,0,0.4921268,4.3569883284,8.7484582852,10,0,14.735,164.63139568815,7.874016,1.1408394,4.3569883284,-0.223694,-0.447388,0,195.4, -6.4, -1,0,0,1193,1024,1024,1024,26,0,0,0,190.4,-14.9,0,40,3.668,3.691,3.681,3.684,0,0,10.418,109.31,164.30331168815,7.545932,6,P-GPS,
521000,2016-09-15 17:51:29,41.2944927081395,-72.9644382759409,7.545932,,,164.30331168815,0,0.8052984,4.4159778316,8.8716866356,9,0,14.735,164.63139568815,7.874016,1.1408394,4.4159778316,-0.447388,-0.671082,0,195.6, -6.8, -0.8,0,0,1185,1024,1024,1024,24,0,0,0,191.4,-14.9,0,40,3.668,3.691,3.681,3.684,0,0,10.418,109.31,164.30331168815,7.545932,6,P-GPS,
521100,2016-09-15 17:51:29,41.2944924746042,-72.9644387009215,7.545932,,,164.30331168815,0,0.8052984,4.4822507996,9.0160107872,9,0,14.735,164.63139568815,7.874016,1.1408394,4.4822507996,-0.447388,-0.671082,0,195.5, -6.8, -0.7,0,0,1170,1024,1024,1024,22,0,0,0,192.1,-14.9,0,40,3.668,3.691,3.681,3.684,0,0,10.418,109.31,164.30331168815,7.545932,6,P-GPS,
521200,2016-09-15 17:51:29,41.2944920835476,-72.9644389741442,7.545932,,,164.30331168815,0,1.11847,4.490813792,9.1771328396,9,0,14.735,164.63139568815,7.874016,1.1408394,4.490813792,-0.671082,-0.894776,0,195.3, -7, -0.6,0,0,1174,1024,1024,1024,23,0,0,0,192.5,-14.9,0,40,3.668,3.691,3.681,3.684,0,0,10.418,109.31,164.30331168815,7.545932,6,P-GPS,
521300,2016-09-15 17:51:29,41.2944917009045,-72.964439477975,7.545932,,,164.30331168815,0,1.2750558,4.565124818,9.373523922,9,0,14.669,164.63139568815,7.874016,1.2750558,4.565124818,-0.894776,-0.894776,0,195, -6.2, -0.6,0,0,1150,1024,1024,1024,19,0,0,0,192.8,-14.9,0,40,3.662,3.675,3.66,3.668,0,0,10.958,109.31,164.30331168815,7.545932,6,P-GPS,
521400,2016-09-15 17:51:29,41.2944915641914,-72.9644399942187,7.545932,,,164.30331168815,0,1.2750558,4.6798557928,9.5235895436,10,0,14.669,164.63139568815,7.874016,1.2750558,4.6798557928,-0.894776,-0.894776,0,194.7, -6.2, -0.9,0,0,1083,1024,1024,1024,9,0,0,0,193,-14.9,0,40,3.662,3.675,3.66,3.668,0,0,10.958,109.31,164.30331168815,7.545932,6,P-GPS,
521500,2016-09-15 17:51:30,41.2944911115141,-72.9644404740709,7.545932,,,164.30331168815,0,1.4316416,4.7507875536,9.7347115976,10,0,14.669,164.63139568815,7.874016,1.4316416,4.7507875536,-1.11847,-0.894776,0,194.3, -5.3, -1.2,0,0,1024,1024,1024,1024,0,0,0,0,193,-14.9,0,40,3.662,3.675,3.66,3.668,0,0,10.958,109.31,164.30331168815,7.545932,6,P-GPS,
521600,2016-09-15 17:51:30,41.2944908500129,-72.9644412280063,7.545932,,,164.30331168815,0,1.4316416,4.9210631496,9.9623362768,10,0,14.669,164.63139568815,7.874016,1.4316416,4.9210631496,-1.11847,-0.894776,0,194, -3.5, -1.2,0,0,1029,1024,1024,1024,1,0,0,0,193,-14.9,0,40,3.662,3.675,3.66,3.668,0,0,10.958,109.31,164.30331168815,7.545932,6,P-GPS,
521700,2016-09-15 17:51:30,41.2944903646803,-72.9644418313811,7.874016,,,164.63139568815,0,1.5882274,5.0362206336,10.2046591192,10,0,14.669,164.63139568815,7.874016,1.5882274,5.0362206336,-1.11847,-1.11847,0,193.6, -1.7, -1.2,0,0,1029,1024,1024,1024,1,0,0,0,193.1,-14.9,0,40,3.662,3.675,3.66,3.668,0,0,10.958,109.31,164.63139568815,7.874016,6,P-GPS,
521800,2016-09-15 17:51:30,41.2944899134569,-72.9644425938525,7.874016,,,164.63139568815,0,1.5882274,5.2053479356,10.4707024348,10,0,14.669,164.63139568815,7.874016,1.5882274,5.2053479356,-1.11847,-1.11847,0,193.2, -0.5, -1.6,0,0,1024,1024,1024,1024,0,0,0,0,193,-14.9,0,40,3.662,3.675,3.66,3.668,0,0,10.958,109.31,164.63139568815,7.874016,6,P-GPS,
521900,2016-09-15 17:51:30,41.2944894302665,-72.9644432005627,7.874016,,,164.63139568815,0,1.4316416,5.3383531892,10.7130580856,10,0,14.669,164.63139568815,7.874016,1.5882274,5.3383531892,-1.11847,-0.894776,0,192.9, 0.3, -1.9,0,0,1030,1024,1024,1024,1,0,0,0,193.1,-14.9,0,40,3.662,3.675,3.66,3.668,0,0,10.958,109.31,164.63139568815,7.874016,6,P-GPS,
522000,2016-09-15 17:51:30,41.2944888310358,-72.9644442343597,7.874016,,,164.63139568815,0,1.4316416,5.5902888928,11.0709977296,10,0,14.669,164.63139568815,7.874016,1.5882274,5.5902888928,-0.894776,-1.11847,0,192.7, 1.2, -2.2,0,0,1030,1024,1024,1024,1,0,0,0,193.1,-14.9,0,40,3.662,3.675,3.66,3.668,0,0,10.958,109.31,164.63139568815,7.874016,6,P-GPS,
522100,2016-09-15 17:51:30,41.2944883241569,-72.9644449542112,7.874016,,,164.63139568815,0,1.2750558,5.769849266,11.3414373708,10,0,14.669,164.63139568815,7.874016,1.5882274,5.769849266,-0.894776,-0.894776,0,192.5, 1.9, -2.8,0,0,1024,1024,1024,1024,0,0,0,0,193.1,-14.9,0,40,3.662,3.675,3.66,3.668,0,0,10.958,109.31,164.63139568815,7.874016,6,P-GPS,
522200,2016-09-15 17:51:30,41.2944878865048,-72.9644457189352,7.874016,,,164.63139568815,0,1.2750558,5.9696196136,11.6049544396,10,0,14.669,164.63139568815,7.874016,1.5882274,5.9696196136,-0.894776,-0.894776,0,192.4, 2.5, -3.3,0,0,1024,1024,1024,1024,0,0,0,0,193,-14.9,0,40,3.662,3.675,3.66,3.668,0,0,10.958,109.31,164.63139568815,7.874016,6,P-GPS,
522300,2016-09-15 17:51:30,41.2944875574879,-72.9644462451687,7.874016,,,164.63139568815,0,1.11847,6.1096458648,11.7926184876,10,0,14.669,164.63139568815,7.874016,1.5882274,6.1096458648,-0.671082,-0.894776,0,192.3, 3.1, -3.8,0,0,1024,1024,1024,1024,0,0,0,0,193.1,-14.9,0,40,3.662,3.675,3.66,3.668,0,0,10.958,109.31,164.63139568815,7.874016,6,P-GPS,
522400,2016-09-15 17:51:30,41.2944869111706,-72.9644471653068,7.874016,,,164.63139568815,0,0.9395148,6.3606957416,12.1378940892,10,0,14.669,164.63139568815,7.874016,1.5882274,6.3606957416,-0.671082,-0.671082,0,192.3, 3.2, -4.3,0,0,1024,1024,1024,1024,0,0,0,0,193,-14.9,0,40,3.662,3.675,3.66,3.668,0,0,10.958,109.31,164.63139568815,7.874016,6,P-GPS,
522600,2016-09-15 17:51:31,41.294486439796,-72.964447975664,7.874016,,,164.63139568815,0,0.6263432,6.5873689772,12.4188324184,10,0,14.669,164.63139568815,7.874016,1.5882274,6.5873689772,-0.447388,-0.447388,0,192.4, 3.2, -4.7,0,0,1024,1024,1024,1024,0,0,0,0,193,-14.9,0,40,3.662,3.675,3.66,3.668,0,0,10.958,109.31,164.63139568815,7.874016,6,P-GPS,
522700,2016-09-15 17:51:31,41.2944859385731,-72.9644483971271,7.545932,,,164.30331168815,0,0.4921268,6.7124017896,12.6351381996,10,0,14.669,164.63139568815,7.874016,1.5882274,6.7124017896,-0.447388,-0.223694,0,192.6, 2.8, -4.3,0,0,1024,1024,1024,1024,0,0,0,0,193,-14.9,0,40,3.662,3.675,3.66,3.668,0,0,10.958,109.31,164.30331168815,7.545932,6,P-GPS,
522800,2016-09-15 17:51:31,41.2944859766605,-72.9644488838391,7.545932,,,164.30331168815,0,0.6263432,6.84465245,12.7692917472,10,0,14.669,164.63139568815,7.874016,1.5882274,6.84465245,-0.447388,-0.447388,0,192.7, 2.2, -3.7,0,0,1024,1046,1024,1024,0,3,0,0,193,-14.9,0,40,3.662,3.675,3.66,3.668,0,0,10.958,109.31,164.30331168815,7.545932,6,P-GPS,
522900,2016-09-15 17:51:31,41.2944858185622,-72.9644490908425,7.545932,,,164.30331168815,0,0.3131716,6.9051183312,12.8501972616,10,0,14.669,164.63139568815,7.874016,1.5882274,6.9051183312,-0.223694,-0.223694,0,192.8, 1.8, -3.4,0,0,1024,1024,1024,1024,0,0,0,0,193.1,-14.9,0,40,3.662,3.675,3.66,3.668,0,0,10.958,109.31,164.30331168815,7.545932,6,P-GPS,
523000,2016-09-15 17:51:31,41.2944854775574,-72.9644494761058,7.545932,,,164.30331168815,0,0.3131716,7.02017739,13.0133862432,10,0,14.669,164.63139568815,7.874016,1.5882274,7.02017739,-0.223694,-0.223694,0,192.8, 1.4, -3,0,0,1024,1024,1024,1024,0,0,0,0,193.1,-14.9,0,40,3.662,3.675,3.66,3.668,0,0,10.958,109.31,164.30331168815,7.545932,6,P-GPS,
523100,2016-09-15 17:51:31,41.2944853373145,-72.9644496080719,7.545932,,,164.30331168815,0,0.3131716,7.060859806,13.0760502872,10,0,14.669,164.63139568815,7.874016,1.5882274,7.060859806,-0.223694,-0.223694,0,192.8, 1.2, -2.8,0,0,1024,1024,1024,1024,0,0,0,0,193.1,-14.9,0,40,3.662,3.675,3.66,3.668,0,0,10.958,109.31,164.30331168815,7.545932,6,P-GPS,
523200,2016-09-15 17:51:31,41.2944849303314,-72.964449932789,7.545932,,,164.30331168815,0,0.3131716,7.1647640088,13.249180214,10,0,14.669,164.63139568815,7.874016,1.5882274,7.1647640088,-0.223694,-0.223694,0,192.8, 1.1, -2.6,0,0,1024,1024,1024,1024,0,0,0,0,193,-14.9,0,40,3.662,3.675,3.66,3.668,0,0,10.958,109.31,164.30331168815,7.545932,6,P-GPS,
523300,2016-09-15 17:51:31,41.2944845401756,-72.9644501273875,7.545932,,,164.30331168815,0,0.223694,7.2351380268,13.4011815312,10,0,14.669,164.63139568815,7.874016,1.5882274,7.2351380268,-0.223694,0,0,192.9, 1.6, -2.7,0,0,1024,1024,1024,1024,0,0,0,0,193.1,-14.9,0,40,3.662,3.675,3.66,3.668,0,0,10.958,109.31,164.30331168815,7.545932,6,P-GPS,
523400,2016-09-15 17:51:31,41.2944844827829,-72.9644500687783,7.545932,,,164.30331168815,0,0.223694,7.2219818584,13.4275922932,10,0,14.64,164.63139568815,7.874016,1.5882274,7.2351380268,-0.223694,0,0,193, 1.8, -2.7,0,0,1024,1024,1024,1024,0,0,0,0,193.1,-14.9,0,40,3.659,3.669,3.657,3.662,0,0,11.049,109.31,164.30331168815,7.545932,6,P-GPS,
523500,2016-09-15 17:51:32,41.294484358104,-72.9644501060684,7.545932,,,164.30331168815,0,0.223694,7.2383860584,13.4742130296,10,0,14.64,164.63139568815,7.874016,1.5882274,7.2383860584,-0.223694,0,0,193, 2, -2.5,0,0,1024,1024,1024,1024,0,0,0,0,193.1,-14.9,0,40,3.659,3.669,3.657,3.662,0,0,11.049,109.31,164.30331168815,7.545932,6,P-GPS,
523600,2016-09-15 17:51:32,41.2944846100371,-72.9644500869102,7.545932,,,164.30331168815,0,0,7.220800756,13.5662734,10,0,14.64,164.63139568815,7.874016,1.5882274,7.2383860584,0,0,0,193.2, 1.9, -2.3,0,0,1024,1024,1024,1024,0,0,0,0,193.1,-14.9,0,40,3.659,3.669,3.657,3.662,0,0,11.049,109.31,164.30331168815,7.545932,6,P-GPS,
523700,2016-09-15 17:51:32,41.2944843578238,-72.9644500189322,7.545932,,,164.30331168815,0,0,7.2147640104,13.6601710408,10,0,14.64,164.63139568815,7.874016,1.5882274,7.2383860584,0,0,0,193.2, 1.6, -2.1,0,0,1024,1024,1024,1024,0,0,0,0,193.1,-14.9,0,40,3.659,3.669,3.657,3.662,0,0,11.049,109.31,164.30331168815,7.545932,6,P-GPS,
